[{"key": "enclosure", "name": "Enclosure Plugin", "url": "https://github.com/vitormhenrique/OctoPrint-Enclosure"}, {"key": "detailedprogress", "name": "Detailed Progress", "url": "https://github.com/tpmullan/OctoPrint-DetailedProgress"}, {"key": "dashboard", "name": "Dashboard", "url": "https://github.com/j7126/OctoPrint-Dashboard"}, {"key": "CrealityTemperature", "name": "Creality Temperature", "url": "https://github.com/RomainOdeval/OctoPrint-CrealityTemperature/"}, {"key": "CalibrationTools", "name": "Calibration Tools", "url": "https://github.com/SergiuToporjinschi/OctoPrint-CalibrationTools"}, {"key": "m73progress", "name": "M73 Progress Plugin", "url": "https://github.com/cesarvandevelde/OctoPrint-M73Progress"}, {"key": "gpiostatus", "name": "GPIO-Status", "url": "https://github.com/danieleborgo/OctoPrint-GPIOStatus"}, {"key": "DisplayLayerProgress", "name": "DisplayLayerProgress Plugin", "url": "https://github.com/OllisGit/OctoPrint-DisplayLayerProgress"}, {"key": "ender3v2tempfix", "name": "Creality-2x-temperature-reporting-fix", "url": "https://simplyprint.dk/"}, {"key": "bedlevelvisualizer", "name": "Bed Visualizer", "url": "https://github.com/jneilliii/OctoPrint-BedLevelVisualizer"}]